<?xml version="1.0" encoding="UTF-8"?>
<!DOCTYPE mapper PUBLIC "-//mybatis.org//DTD Mapper 3.0//EN" "https://mybatis.org/dtd/mybatis-3-mapper.dtd">

<mapper namespace="com.example.review.dao.ReviewDAO">
	<!--마이페이지 > 평가하기-->
	<select id="printRandomReview" resultType="ListDTO">
		<![CDATA[
		SELECT * FROM 
			(SELECT * FROM movie ORDER BY dbms_random.value)
		WHERE ROWNUM BETWEEN 0 AND 4
		]]>
	</select>

	<select id="recommendByTitle" parameterType="String" resultType="ListDTO">
		select * from movie
		where movie_id=#{movie_id}
	</select>
	<select id="recommendByGenre" parameterType="String" resultType="ListDTO">
		select * from movie
		where movie_id=#{movie_id}
	</select>
	<select id="recommendByCos" parameterType="String" resultType="ListDTO">
		select * from movie
		where title=#{title}
	</select>
	<select id="printMovie" parameterType="String" resultType="ListDTO">
		<![CDATA[
		SELECT * FROM 
			(
		SELECT m.*
		FROM movie m
		JOIN movie_genre mg ON m.movie_id = mg.movie_id
		JOIN genre g ON mg.genre_id = g.genre_id
		WHERE g.name = #{genre}
		ORDER BY dbms_random.value
		)
		WHERE ROWNUM BETWEEN 0 AND 5
			]]>
	</select>
	
	
		<select id="test" resultType="ListDTO">
		<![CDATA[
		SELECT * FROM 
			(SELECT * FROM movie ORDER BY dbms_random.value)
		WHERE ROWNUM BETWEEN 0 AND 10
		]]>
	</select>

</mapper>